system;pattern;workload;chunks;repetition;ref_makespan_s;wms_makespan_s;overhead_s;overhead_pct;ratio;ref_compute_phase_s;wms_compute_phase_s;wms_task_span_s;wms_gen_to_pre_s;wms_pre_to_comp_s;wms_comp_to_post_s;wms_pre_to_split_s;wms_split_to_comp_s;wms_comp_to_agg_s;wms_agg_to_post_s;wms_start_spread_s
streamflow;pipeline;short;1;1;3.400259682;6.063587764;2.663328082;78.327196477;1.783271965;;;3.329771401;0.055390897;0.055825611;0.076461094;;;;;
streamflow;pipeline;short;1;2;3.376376012;5.254084095;1.877708083;55.613121181;1.556131212;;;3.339022561;0.056070517;0.055468886;0.078116597;;;;;
streamflow;pipeline;short;1;3;3.317838753;5.276384493;1.958545740;59.030769297;1.590307693;;;3.393213281;0.056069824;0.055356526;0.077588234;;;;;
streamflow;pipeline;short;1;4;3.398233441;5.261849363;1.863615922;54.840726934;1.548407269;;;3.347409944;0.056183572;0.055250297;0.076998363;;;;;
streamflow;pipeline;short;1;5;3.319952688;5.225012944;1.905060256;57.382150729;1.573821507;;;3.332987983;0.056477868;0.054712995;0.076153787;;;;;
streamflow;pipeline;medium;1;1;40.413565978;44.218010503;3.804444525;9.413780826;1.094137808;;;40.956523661;0.055758687;0.054877491;0.095037458;;;;;
streamflow;pipeline;medium;1;2;41.433811319;44.165986953;2.732175634;6.594072684;1.065940727;;;41.001580075;0.055656545;0.054572803;0.094752375;;;;;
streamflow;pipeline;medium;1;3;40.544368269;44.256100830;3.711732561;9.154742618;1.091547426;;;41.058341487;0.057138686;0.056721983;0.099162858;;;;;
streamflow;pipeline;medium;1;4;40.125803233;43.954733277;3.828930044;9.542313762;1.095423138;;;40.716498501;0.054984081;0.054298333;0.100593674;;;;;
streamflow;pipeline;medium;1;5;40.595578777;44.306950996;3.711372219;9.142306455;1.091423065;;;41.147758936;0.056614962;0.055082817;0.096239888;;;;;
streamflow;pipeline;long;1;1;188.247381926;191.318904557;3.071522631;1.631641619;1.016316416;;;184.186820210;0.058086420;0.055899783;0.098805509;;;;;
streamflow;pipeline;long;1;2;188.513650784;191.600233713;3.086582929;1.637325953;1.016373260;;;187.395666189;0.056384629;0.054957840;0.099196737;;;;;
streamflow;pipeline;long;1;3;189.792614358;192.894307842;3.101693484;1.634254049;1.016342540;;;183.821434938;0.056967512;0.054788676;0.099051015;;;;;
streamflow;scatter_gather;short;1;1;3.590105024;6.955880836;3.365775812;93.751458225;1.937514582;3.352252234;3.257561050;3.574691885;0.055680691;;;0.052281994;0.057033581;0.097207774;0.054442671;0.000000000
streamflow;scatter_gather;short;1;2;3.452749426;5.686489035;2.233739609;64.694518289;1.646945183;3.217580674;3.349859631;3.671327867;0.056417480;;;0.056772184;0.058699294;0.094499336;0.054584968;0.000000000
streamflow;scatter_gather;short;1;3;3.497994600;5.581218858;2.083224258;59.554816290;1.595548163;3.263228942;3.245684296;3.570576268;0.055490215;;;0.056363541;0.058317230;0.100543732;0.053695392;0.000000000
streamflow;scatter_gather;short;1;4;3.473272696;5.651164393;2.177891697;62.704310526;1.627043105;3.231351179;3.310088414;3.632004174;0.056903603;;;0.057007901;0.057622991;0.095038175;0.054845859;0.000000000
streamflow;scatter_gather;short;1;5;3.446847199;5.692314043;2.245466844;65.145529075;1.651455291;3.205513306;3.246256654;3.569614623;0.057189562;;;0.053643247;0.058141407;0.099573074;0.054322677;0.000000000
streamflow;scatter_gather;short;2;1;1.881186680;3.994245589;2.113058909;112.325848950;2.123258490;1.645547789;1.650808187;2.003951713;0.055971070;;;0.055938061;0.064250342;0.122503158;0.053933232;0.002356704
streamflow;scatter_gather;short;2;2;1.858093129;4.002281124;2.144187995;115.397229640;2.153972296;1.621473223;1.630761538;1.980710804;0.056190367;;;0.055627906;0.062469290;0.122088764;0.053034756;0.003660363
streamflow;scatter_gather;short;2;3;1.881332387;4.016173839;2.134841452;113.474974805;2.134749748;1.645310593;1.654311502;2.012613539;0.057945811;;;0.056526842;0.064308442;0.124411028;0.054576592;0.002679138
streamflow;scatter_gather;short;2;4;1.882472770;4.011395603;2.128922833;113.091826187;2.130918262;1.648527672;1.672497020;2.022738642;0.055479148;;;0.055631287;0.063750920;0.122156763;0.052679552;0.003123291
streamflow;scatter_gather;short;2;5;1.880582180;3.935440092;2.054857912;109.267116015;2.092671160;1.645257153;1.622113943;1.969710665;0.055826653;;;0.053762155;0.063382246;0.120885503;0.053197024;0.004475791
streamflow;scatter_gather;short;4;1;1.060649731;3.263895390;2.203245659;207.726037595;3.077260376;0.822837173;0.843775178;1.256150265;0.056166368;;;0.055518778;0.064899272;0.181723119;0.053446760;0.018019450
streamflow;scatter_gather;short;4;2;1.513419801;3.247963378;1.734543577;114.610868414;2.146108684;1.273428367;0.835452128;1.249907622;0.056901547;;;0.057285860;0.063864688;0.179378454;0.056397054;0.017629726
streamflow;scatter_gather;short;4;3;1.070805193;3.238582913;2.167777720;202.443706265;3.024437063;0.832218918;0.833544967;1.243887436;0.056846208;;;0.056834787;0.064734875;0.177203868;0.054107430;0.017282291
streamflow;scatter_gather;short;4;4;1.105501054;3.235022338;2.129521284;192.629511853;2.926295119;0.867160655;0.836378443;1.247012887;0.057818462;;;0.056001191;0.065645161;0.176772525;0.053733805;0.017665846
streamflow;scatter_gather;short;4;5;1.063551616;3.307015260;2.243463644;210.940739476;3.109407395;0.823425765;0.859727531;1.273054923;0.058811336;;;0.055041435;0.062987182;0.182073693;0.053790645;0.018205908
streamflow;scatter_gather;medium;1;1;42.398838326;46.225282008;3.826443682;9.024878589;1.090248786;42.143139978;42.573360107;42.917012892;0.056733618;;;0.054621792;0.058654598;0.117480712;0.055660484;0.000000000
streamflow;scatter_gather;medium;1;2;42.867206328;47.595206934;4.728000606;11.029411551;1.110294116;42.609121622;43.866482920;44.208282905;0.056791587;;;0.053502909;0.057665633;0.117047580;0.056301534;0.000000000
streamflow;scatter_gather;medium;1;3;43.027452186;46.714780963;3.687328777;8.569712102;1.085697121;42.768301276;43.027046275;43.367792966;0.055315759;;;0.053445988;0.057005862;0.117817800;0.056649610;0.000000000
streamflow;scatter_gather;medium;1;4;43.739816165;45.609970512;1.870154347;4.275633761;1.042756338;43.479696547;41.851203267;42.194231664;0.056825037;;;0.054187388;0.057655314;0.118169862;0.055706873;0.000000000
streamflow;scatter_gather;medium;1;5;43.073984680;46.337283635;3.263298955;7.576032214;1.075760322;42.819525288;42.544273860;42.883233537;0.056301985;;;0.054635450;0.057632524;0.114938872;0.054961864;0.000000000
streamflow;scatter_gather;medium;2;1;24.567235048;25.147606232;0.580371184;2.362378927;1.023623789;24.323490019;21.423366826;21.768489838;0.056541871;;;0.053292851;0.059810520;0.122161840;0.052775039;0.006000546
streamflow;scatter_gather;medium;2;2;21.981348449;25.020763113;3.039414664;13.827243907;1.138272439;21.724022212;21.271422058;21.630560521;0.056155277;;;0.053823183;0.061686160;0.133672931;0.053251821;0.003765282
streamflow;scatter_gather;medium;2;3;21.558696029;25.149609302;3.590913273;16.656449297;1.166564493;21.318428816;21.527179443;21.898721634;0.055588266;;;0.054382294;0.062060065;0.143845362;0.055118723;0.004277603
streamflow;scatter_gather;medium;2;4;21.841964690;26.182003674;4.340038984;19.870185880;1.198701859;21.604758871;22.347116239;22.776654307;0.056159457;;;0.053497148;0.061298496;0.176178369;0.081867096;0.004160975
streamflow;scatter_gather;medium;2;5;21.671588056;25.086383346;3.414795290;15.757014581;1.157570146;21.363417012;21.466880407;21.844266672;0.056276874;;;0.053454748;0.063050908;0.149446324;0.054616200;0.003988538
streamflow;scatter_gather;medium;4;1;11.033648671;14.730885719;3.697237048;33.508743644;1.335087436;10.784707146;10.841414006;11.257221534;0.057831260;;;0.053910121;0.064387658;0.185344092;0.053706108;0.019526286
streamflow;scatter_gather;medium;4;2;11.241756392;14.598404203;3.356647811;29.858748881;1.298587489;10.995144930;10.781363474;11.194933227;0.056920047;;;0.054538734;0.063770139;0.182464618;0.055248654;0.019496034
streamflow;scatter_gather;medium;4;3;11.056577077;14.699122604;3.642545527;32.944603938;1.329446039;10.813573389;10.769118097;11.177617489;0.056777040;;;0.054243849;0.061855990;0.181580642;0.053421312;0.017093582
streamflow;scatter_gather;medium;4;4;11.062187849;14.875397869;3.813210020;34.470667757;1.344706678;10.817909561;11.017737121;11.430673931;0.056360016;;;0.054352657;0.062334761;0.184978407;0.054294788;0.019317957
streamflow;scatter_gather;medium;4;5;11.005760808;15.252304773;4.246543965;38.584737931;1.385847379;10.760855331;11.347000504;11.756304292;0.057512987;;;0.053556919;0.060476291;0.183576180;0.053547600;0.018362752
streamflow;scatter_gather;long;1;1;197.025910914;202.378911301;5.353000387;2.716901732;1.027169017;196.769991611;198.610867064;198.954209248;0.056094954;;;0.053243850;0.057014399;0.121314400;0.055175969;0.000000000
streamflow;scatter_gather;long;1;2;196.477383372;199.775162946;3.297779574;1.678452511;1.016784525;196.220721811;196.129438171;196.474854854;0.056360100;;;0.053902378;0.063667757;0.114631480;0.056365795;0.000000000
streamflow;scatter_gather;long;1;3;196.789074264;202.163771089;5.374696825;2.731196762;1.027311968;196.532796697;198.376849591;198.722674784;0.056234445;;;0.053898001;0.057718302;0.121890039;0.055582493;0.000000000
streamflow;scatter_gather;long;2;1;99.979380565;102.376101319;2.396720754;2.397215046;1.023972150;99.720948822;98.645303416;99.019598021;0.056244725;;;0.053531147;0.062072754;0.146451341;0.055438687;0.004304223
streamflow;scatter_gather;long;2;2;97.804557626;108.144566656;10.340009030;10.572113694;1.105721137;97.546811089;104.229229166;104.777985750;0.055830161;;;0.052552492;0.061814297;0.323452524;0.054559279;0.003791781
streamflow;scatter_gather;long;2;3;102.238326349;106.827308728;4.588982379;4.488514770;1.044885148;101.978318715;103.159274198;103.539675675;0.056151685;;;0.054859554;0.061761547;0.152413012;0.054661868;0.005242938
streamflow;scatter_gather;long;4;1;49.707855242;54.617837532;4.909982290;9.877678823;1.098776788;49.442584942;50.805213949;51.237452866;0.055925476;;;0.053952907;0.061737295;0.205742796;0.054253833;0.018085588
streamflow;scatter_gather;long;4;2;49.710576799;53.595329720;3.884752921;7.814741190;1.078147412;49.446068050;49.783909407;50.226596435;0.057632610;;;0.054779095;0.064185818;0.208326197;0.057097218;0.017743273
streamflow;scatter_gather;long;4;3;50.417630032;53.591623396;3.173993364;6.295403735;1.062954037;50.153780981;49.851519386;50.283000334;0.057500193;;;0.053526724;0.063666386;0.202272322;0.053888404;0.017065354