system,pattern,workload,chunks,repetition,ref_makespan_s,wms_makespan_s,overhead_s,overhead_pct,ratio,ref_compute_phase_s,wms_compute_phase_s,wms_task_span_s,wms_gen_to_pre_s,wms_pre_to_comp_s,wms_comp_to_post_s,wms_pre_to_split_s,wms_split_to_comp_s,wms_comp_to_agg_s,wms_agg_to_post_s,wms_start_spread_s
aiida,pipeline,short,1,1,3.880012,22.179975,18.299963,471.647062,5.716471,,,16.090261,4.213631,4.234451,3.987721,,,,,
aiida,pipeline,short,1,2,3.820892,21.395745,17.574853,459.967267,5.599673,,,15.753982,3.979998,4.113621,4.000588,,,,,
aiida,pipeline,short,1,3,3.768684,21.443340,17.674656,468.987490,5.689875,,,15.817941,4.023730,4.041056,4.023882,,,,,
aiida,pipeline,short,1,4,3.995581,21.237166,17.241585,431.516326,5.315163,,,15.688722,4.018075,4.053073,3.948085,,,,,
aiida,pipeline,short,1,5,3.818935,23.763531,19.944596,522.255400,6.222554,,,17.259557,4.435894,4.763949,4.365149,,,,,
aiida,pipeline,medium,1,1,48.071260,68.760883,20.689623,43.039486,1.430395,,,62.638159,4.541699,4.852471,4.763610,,,,,
aiida,pipeline,medium,1,2,47.800597,66.725211,18.924614,39.590748,1.395907,,,60.942293,4.186277,4.616675,4.436176,,,,,
aiida,pipeline,medium,1,3,48.249451,65.354369,17.104918,35.451010,1.354510,,,59.641804,4.050474,4.087423,4.258413,,,,,
aiida,pipeline,medium,1,4,46.800054,65.119500,18.319446,39.144069,1.391441,,,59.492118,4.069788,4.126919,4.144825,,,,,
aiida,pipeline,medium,1,5,47.082583,65.913636,18.831053,39.995794,1.399958,,,60.368821,4.041198,4.027279,4.039045,,,,,
aiida,pipeline,long,1,1,225.318278,236.216528,10.898251,4.836825,1.048368,,,230.491264,4.051122,4.082474,4.048358,,,,,
aiida,pipeline,long,1,2,227.825222,240.102178,12.276955,5.388760,1.053888,,,234.298147,4.103616,4.110196,4.164423,,,,,
aiida,pipeline,long,1,3,219.224376,237.600269,18.375893,8.382231,1.083822,,,231.909596,4.041339,4.049306,3.872248,,,,,
aiida,scatter_gather,short,1,1,3.699985,30.345522,26.645537,720.152584,8.201526,3.483643,3.537407,24.310446,4.141989,,,4.160067,4.251927,4.048347,4.161120,0.000000
aiida,scatter_gather,short,1,2,4.345905,29.962554,25.616649,589.443367,6.894434,4.137015,3.462170,23.784253,4.042309,,,4.102461,4.186075,3.904881,4.077190,0.000000
aiida,scatter_gather,short,1,3,3.717821,30.072958,26.355137,708.886608,8.088866,3.510642,3.603184,24.094605,4.137210,,,4.061144,4.136214,4.035689,4.111798,0.000000
aiida,scatter_gather,short,1,4,3.703632,30.029715,26.326083,710.817977,8.108180,3.486904,3.545803,24.013453,4.026162,,,4.089016,4.176821,4.047894,4.117890,0.000000
aiida,scatter_gather,short,1,5,3.656968,29.819541,26.162572,715.416957,8.154170,3.440732,3.550633,23.741799,4.025318,,,4.120761,4.159807,3.803717,4.071893,0.000000
aiida,scatter_gather,short,2,1,2.001286,30.025481,28.024194,1400.309038,15.003090,1.795789,1.924621,23.926304,4.048468,,,4.066538,5.198866,4.518498,4.157989,0.112985
aiida,scatter_gather,short,2,2,1.969821,30.296492,28.326671,1438.032976,15.380330,1.756695,1.947955,24.297110,4.067867,,,4.094863,5.297654,4.632468,4.244661,0.102922
aiida,scatter_gather,short,2,3,1.958557,30.015870,28.057312,1432.550065,15.325501,1.744838,1.914661,24.013250,4.108847,,,4.068053,5.273341,4.567845,4.069244,0.092976
aiida,scatter_gather,short,2,4,2.008478,29.864900,27.856422,1386.941628,14.869416,1.801277,1.867290,23.904983,4.026032,,,4.105881,5.184893,4.577038,4.132087,0.112901
aiida,scatter_gather,short,2,5,2.004011,30.461718,28.457707,1420.037384,15.200374,1.787691,1.964170,24.331137,4.027981,,,4.142585,5.211829,4.844008,4.129009,0.134044
aiida,scatter_gather,short,4,1,1.128973,33.682382,32.553410,2883.453902,29.834539,0.920159,4.395713,27.414127,4.108199,,,4.106129,5.477868,5.144413,4.166572,3.499810
aiida,scatter_gather,short,4,2,1.126242,33.271072,32.144830,2854.166111,29.541661,0.911108,4.382935,27.250800,4.043516,,,4.193628,5.341884,5.099837,4.174027,3.486952
aiida,scatter_gather,short,4,3,1.126611,33.154674,32.028062,2842.867034,29.428670,0.907793,3.756800,27.124056,4.077962,,,4.072931,5.525953,5.530702,4.145178,2.885853
aiida,scatter_gather,short,4,4,1.112402,33.202818,32.090416,2884.785472,29.847855,0.892578,4.145429,27.239872,4.022784,,,4.104484,5.445041,5.360700,4.146244,3.249857
aiida,scatter_gather,short,4,5,1.119975,33.263009,32.143034,2869.976844,29.699768,0.910328,4.258347,27.155800,4.013126,,,4.055388,5.431867,5.244607,4.137534,3.353939
aiida,scatter_gather,medium,1,1,46.231833,71.630758,25.398925,54.938174,1.549382,45.999275,45.062251,65.597634,4.041785,,,4.053110,4.204178,4.110328,4.116643,0.000000
aiida,scatter_gather,medium,1,2,46.987670,74.172557,27.184887,57.855364,1.578554,46.754431,47.717272,68.056903,4.114889,,,4.055413,4.155470,3.944012,4.060670,0.000000
aiida,scatter_gather,medium,1,3,46.951422,71.109576,24.158154,51.453509,1.514535,46.720059,44.947816,65.132057,4.052957,,,4.044337,4.119161,3.872920,4.085712,0.000000
aiida,scatter_gather,medium,1,4,45.586928,71.954100,26.367172,57.839326,1.578393,45.354132,45.473015,65.953356,4.106450,,,4.069871,4.274509,4.005296,4.014911,0.000000
aiida,scatter_gather,medium,1,5,46.672689,80.498076,33.825386,72.473617,1.724736,46.438283,54.331362,74.488029,4.063801,,,4.045727,4.183591,3.796252,4.057720,0.000000
aiida,scatter_gather,medium,2,1,23.104861,51.755933,28.651072,124.004520,2.240045,22.887823,23.689000,45.701668,4.032128,,,4.108115,5.253168,4.541539,4.066152,0.115981
aiida,scatter_gather,medium,2,2,23.239903,51.482551,28.242648,121.526533,2.215265,23.005464,23.585192,45.520626,4.084106,,,4.073470,5.127829,4.439096,4.198945,0.104119
aiida,scatter_gather,medium,2,3,25.022258,51.463752,26.441494,105.671897,2.056719,24.803543,23.276896,45.240071,4.053704,,,4.163348,5.193675,4.461559,4.080161,0.120136
aiida,scatter_gather,medium,2,4,23.422716,51.426902,28.004186,119.559941,2.195599,23.204271,23.514385,45.550415,4.054070,,,4.057674,5.258175,4.440704,4.214108,0.120027
aiida,scatter_gather,medium,2,5,23.289102,51.522197,28.233095,121.228780,2.212288,23.074181,23.508424,45.522455,3.999262,,,4.160228,5.157814,4.557410,4.128057,0.103968
aiida,scatter_gather,medium,4,1,11.940532,43.688951,31.748418,265.887795,3.658878,11.720797,14.789625,37.647809,4.017520,,,4.205897,5.437094,5.019444,4.162606,2.805003
aiida,scatter_gather,medium,4,2,11.954861,44.007935,32.053074,268.117490,3.681175,11.737286,14.648237,37.959100,4.152232,,,4.050733,5.444485,5.444018,4.204050,2.932021
aiida,scatter_gather,medium,4,3,11.997690,44.079975,32.082285,267.403858,3.674039,11.777296,15.081382,38.005894,4.130738,,,4.066856,5.486646,5.113046,4.112428,3.077919
aiida,scatter_gather,medium,4,4,12.011334,43.737863,31.726530,264.138274,3.641383,11.791151,15.080822,37.780296,4.060269,,,4.115835,5.427647,4.929546,4.151443,3.089084
aiida,scatter_gather,medium,4,5,12.119013,44.161094,32.042081,264.395132,3.643951,11.896606,14.665256,38.055010,4.121483,,,4.130427,5.462320,5.515219,4.145776,2.994988
aiida,scatter_gather,long,1,1,215.722241,245.914750,30.192508,13.996011,1.139960,215.489318,219.459603,239.673769,4.019607,,,4.068587,4.161990,3.853518,4.100836,0.000000
aiida,scatter_gather,long,1,2,211.484635,237.230024,25.745389,12.173645,1.121736,211.253108,210.435439,230.978746,4.194077,,,4.094788,4.192864,3.999628,4.052632,0.000000
aiida,scatter_gather,long,1,3,208.976722,241.595329,32.618607,15.608728,1.156087,208.743613,213.154586,235.280125,4.161444,,,4.048598,5.751618,4.031217,4.123087,0.000000
aiida,scatter_gather,long,2,1,106.382976,137.048953,30.665977,28.826019,1.288260,106.143673,109.005538,130.861360,4.035786,,,4.096886,5.177307,4.401070,4.133521,0.108066
aiida,scatter_gather,long,2,2,106.531448,135.926861,29.395413,27.593179,1.275932,106.295200,107.959873,129.928423,4.084442,,,4.177336,5.205432,4.380199,4.109658,0.112990
aiida,scatter_gather,long,2,3,108.453845,134.275048,25.821202,23.808471,1.238085,108.220346,106.409385,128.154386,4.124958,,,4.112445,5.155298,4.227324,4.113298,0.104990
aiida,scatter_gather,long,4,1,54.360134,87.310371,32.950237,60.614710,1.606147,54.119482,58.337285,81.295017,4.065298,,,4.056970,5.523346,5.183141,4.114247,3.155930
aiida,scatter_gather,long,4,2,54.219493,86.256351,32.036858,59.087344,1.590873,53.979708,57.472912,80.260821,4.009960,,,4.027648,5.388723,4.889976,4.456859,2.992879
aiida,scatter_gather,long,4,3,54.813914,85.717410,30.903496,56.378927,1.563789,54.579515,57.061180,79.779998,4.096358,,,4.072868,5.383263,5.072565,4.078929,3.023891
