system,workflow_pattern,workload,chunks,repetition,reference_outer_runtime_seconds,nextflow_outer_runtime_seconds,workflow_execution_overhead_seconds,workflow_execution_overhead_percent,reference_task_span_seconds,reference_compute_phase_seconds,reference_fanout_start_spread_seconds,reference_generate_to_preprocess_latency_seconds,reference_preprocess_to_compute_latency_seconds,reference_compute_to_postprocess_latency_seconds,nextflow_task_span_seconds,nextflow_compute_phase_seconds,nextflow_fanout_start_spread_seconds,nextflow_generate_to_preprocess_latency_seconds,nextflow_preprocess_to_compute_latency_seconds,nextflow_compute_to_postprocess_latency_seconds,reference_preprocess_to_split_latency_seconds,reference_split_to_first_compute_latency_seconds,reference_last_compute_to_aggregate_latency_seconds,reference_aggregate_to_postprocess_latency_seconds,nextflow_preprocess_to_split_latency_seconds,nextflow_split_to_first_compute_latency_seconds,nextflow_last_compute_to_aggregate_latency_seconds,nextflow_aggregate_to_postprocess_latency_seconds
nextflow,pipeline,short,1,1,4.744841000,7.870081000,3.125240000,65.866064,4.707439000,4.611371000,0.000000000,0.034618000,0.028696000,0.031421000,4.849185000,4.572708000,0.000000000,0.106082000,0.082670000,0.085896000,,,,,,,,
nextflow,pipeline,short,1,2,4.726346000,7.104468000,2.378122000,50.316291,4.688155000,4.579444000,0.000000000,0.035060000,0.036003000,0.036425000,4.858141000,4.590027000,0.000000000,0.102901000,0.080083000,0.083767000,,,,,,,,
nextflow,pipeline,short,1,3,4.713963000,7.175057000,2.461094000,52.208598,4.679472000,4.580883000,0.000000000,0.032511000,0.031811000,0.033107000,4.845227000,4.570065000,0.000000000,0.105908000,0.082520000,0.085449000,,,,,,,,
nextflow,pipeline,short,1,4,4.706136000,7.100500000,2.394364000,50.877493,4.670970000,4.570308000,0.000000000,0.032712000,0.035870000,0.030845000,4.855584000,4.588322000,0.000000000,0.103951000,0.081062000,0.080511000,,,,,,,,
nextflow,pipeline,short,1,5,4.719040000,7.228151000,2.509111000,53.169946,4.683684000,4.588199000,0.000000000,0.031874000,0.030100000,0.032293000,4.837870000,4.580706000,0.000000000,0.102176000,0.075526000,0.077959000,,,,,,,,
nextflow,pipeline,medium,1,1,59.565225000,63.486931000,3.921706000,6.583885,59.532536000,59.436298000,0.000000000,0.032861000,0.030069000,0.031934000,59.817026000,59.553449000,0.000000000,0.102616000,0.080267000,0.079165000,,,,,,,,
nextflow,pipeline,medium,1,2,59.771217000,62.461833000,2.690616000,4.501525,59.737410000,59.640811000,0.000000000,0.030763000,0.031206000,0.033488000,59.759977000,59.495207000,0.000000000,0.103201000,0.083536000,0.075550000,,,,,,,,
nextflow,pipeline,medium,1,3,59.756047000,63.077675000,3.321628000,5.558647,59.720533000,59.624763000,0.000000000,0.032348000,0.030789000,0.031249000,60.082560000,59.811679000,0.000000000,0.101656000,0.082272000,0.084587000,,,,,,,,
nextflow,pipeline,medium,1,4,60.041042000,62.784793000,2.743751000,4.569792,59.999116000,59.900153000,0.000000000,0.036436000,0.028979000,0.032334000,60.184224000,59.914213000,0.000000000,0.102028000,0.079085000,0.086979000,,,,,,,,
nextflow,pipeline,medium,1,5,59.878945000,63.397483000,3.518538000,5.876085,59.843760000,59.730168000,0.000000000,0.034418000,0.038066000,0.038417000,60.352287000,60.056303000,0.000000000,0.108599000,0.084883000,0.101104000,,,,,,,,
nextflow,pipeline,long,1,1,277.007304000,280.087082000,3.079778000,1.111804,276.972054000,276.867952000,0.000000000,0.035713000,0.034458000,0.032408000,277.439371000,277.133849000,0.000000000,0.104092000,0.087076000,0.113000000,,,,,,,,
nextflow,pipeline,long,1,2,276.806331000,280.217870000,3.411539000,1.232464,276.756260000,276.653408000,0.000000000,0.034789000,0.031405000,0.035445000,277.303906000,277.026691000,0.000000000,0.104543000,0.082951000,0.088333000,,,,,,,,
nextflow,pipeline,long,1,3,277.436375000,280.413331000,2.976956000,1.073023,277.395893000,277.278142000,0.000000000,0.040151000,0.031029000,0.045465000,277.472954000,277.180476000,0.000000000,0.108623000,0.084926000,0.097561000,,,,,,,,
nextflow,scatter_gather,short,1,1,4.872675000,8.024202000,3.151527000,64.677554,4.831600000,4.671216000,0.000000000,0.032975000,,,5.067002000,4.601059000,0.000000000,0.107496000,,,0.031366000,0.032119000,0.032474000,0.029042000,0.097271000,0.100553000,0.079635000,0.078758000
nextflow,scatter_gather,short,1,2,4.809430000,8.471755000,3.662325000,76.148837,4.773127000,4.610162000,0.000000000,0.035224000,,,5.117067000,4.652959000,0.000000000,0.100556000,,,0.033705000,0.031918000,0.030411000,0.029042000,0.100090000,0.094146000,0.087212000,0.079145000
nextflow,scatter_gather,short,1,3,4.845374000,8.690452000,3.845078000,79.355649,4.804370000,4.628869000,0.000000000,0.033201000,,,5.212663000,4.715920000,0.000000000,0.114740000,,,0.033970000,0.035205000,0.035101000,0.033854000,0.101147000,0.114587000,0.079839000,0.083107000
nextflow,scatter_gather,short,1,4,4.854416000,7.924963000,3.070547000,63.252655,4.808393000,4.610887000,0.000000000,0.034294000,,,5.120324000,4.633595000,0.000000000,0.114225000,,,0.057411000,0.038104000,0.033113000,0.031794000,0.098230000,0.101927000,0.085352000,0.084526000
nextflow,scatter_gather,short,1,5,4.823250000,7.898731000,3.075481000,63.763666,4.784892000,4.621436000,0.000000000,0.034525000,,,5.099430000,4.627423000,0.000000000,0.112266000,,,0.033458000,0.033724000,0.030038000,0.029000000,0.093414000,0.103248000,0.079126000,0.078524000
nextflow,scatter_gather,short,2,1,2.551174000,5.541454000,2.990280000,117.211919,2.513743000,2.344897000,0.000006000,0.034994000,,,2.819788000,2.340645000,0.000320000,0.102034000,,,0.033897000,0.033450000,0.030145000,0.033680000,0.087289000,0.110455000,0.089655000,0.086721000
nextflow,scatter_gather,short,2,2,2.564025000,5.624955000,3.060930000,119.379881,2.526158000,2.345217000,0.000084000,0.036646000,,,2.839241000,2.332718000,0.000974000,0.120715000,,,0.032240000,0.037012000,0.035026000,0.036293000,0.110283000,0.102041000,0.092568000,0.076960000
nextflow,scatter_gather,short,2,3,2.565223000,5.629486000,3.064263000,119.454059,2.524661000,2.341473000,0.000065000,0.035625000,,,2.830908000,2.332071000,0.000094000,0.114073000,,,0.040368000,0.035374000,0.033733000,0.033533000,0.089901000,0.116029000,0.097631000,0.078501000
nextflow,scatter_gather,short,2,4,2.555078000,5.655267000,3.100189000,121.334417,2.513461000,2.342359000,0.000513000,0.035335000,,,2.837522000,2.343135000,0.004232000,0.110921000,,,0.033898000,0.033171000,0.037180000,0.028854000,0.110717000,0.090490000,0.101229000,0.077734000
nextflow,scatter_gather,short,2,5,2.540292000,6.228670000,3.688378000,145.195041,2.495751000,2.334170000,0.000267000,0.035124000,,,2.817571000,2.339709000,0.000692000,0.106200000,,,0.031442000,0.031832000,0.031316000,0.029164000,0.099308000,0.095173000,0.094770000,0.079347000
nextflow,scatter_gather,short,4,1,1.420817000,4.343750000,2.922933000,205.721990,1.373721000,1.198768000,0.001880000,0.036942000,,,1.736842000,1.182547000,0.004624000,0.115858000,,,0.034069000,0.035205000,0.032690000,0.031801000,0.091248000,0.126786000,0.127846000,0.088623000
nextflow,scatter_gather,short,4,2,1.394423000,4.311999000,2.917576000,209.231775,1.350937000,1.171713000,0.001035000,0.033066000,,,1.720091000,1.186129000,0.014731000,0.103297000,,,0.038493000,0.033820000,0.032201000,0.037781000,0.102326000,0.133035000,0.109850000,0.081813000
nextflow,scatter_gather,short,4,3,1.392808000,5.358970000,3.966162000,284.760139,1.358072000,1.175150000,0.001278000,0.035321000,,,1.869675000,1.227665000,0.005343000,0.105944000,,,0.035765000,0.034051000,0.036903000,0.037455000,0.103117000,0.125429000,0.223006000,0.081005000
nextflow,scatter_gather,short,4,4,1.403194000,4.194541000,2.791347000,198.928088,1.361146000,1.188047000,0.001136000,0.034981000,,,1.701321000,1.176170000,0.006230000,0.103103000,,,0.033647000,0.032953000,0.035067000,0.032970000,0.092203000,0.132395000,0.117718000,0.076079000
nextflow,scatter_gather,short,4,5,1.387598000,4.919224000,3.531626000,254.513627,1.348904000,1.176299000,0.002146000,0.035708000,,,1.775314000,1.219177000,0.008037000,0.119351000,,,0.032660000,0.037555000,0.031580000,0.031741000,0.094905000,0.138636000,0.117501000,0.082222000
nextflow,scatter_gather,medium,1,1,60.399210000,63.563049000,3.163839000,5.238213,60.353149000,60.181050000,0.000000000,0.033172000,,,60.613721000,60.096698000,0.000000000,0.114220000,,,0.031859000,0.031564000,0.041012000,0.031976000,0.103001000,0.114887000,0.104193000,0.075778000
nextflow,scatter_gather,medium,1,2,61.254829000,63.440264000,2.185435000,3.567776,61.217659000,61.042669000,0.000000000,0.030652000,,,60.363069000,59.885740000,0.000000000,0.106023000,,,0.030510000,0.033857000,0.047600000,0.029826000,0.100112000,0.101386000,0.086795000,0.080350000
nextflow,scatter_gather,medium,1,3,60.533478000,63.385696000,2.852218000,4.711803,60.499418000,60.327912000,0.000000000,0.031888000,,,60.292031000,59.815848000,0.000000000,0.112376000,,,0.030986000,0.030414000,0.046294000,0.029721000,0.092910000,0.099719000,0.092058000,0.076585000
nextflow,scatter_gather,medium,1,4,59.750216000,63.180174000,3.429958000,5.740495,59.714838000,59.561324000,0.000000000,0.030354000,,,60.366523000,59.883260000,0.000000000,0.107925000,,,0.029152000,0.030547000,0.032209000,0.029197000,0.098026000,0.099933000,0.100298000,0.074657000
nextflow,scatter_gather,medium,1,5,59.926438000,62.865670000,2.939232000,4.904733,59.883349000,59.730290000,0.000000000,0.029940000,,,60.015784000,59.545694000,0.000000000,0.111511000,,,0.028922000,0.030593000,0.031634000,0.029467000,0.084779000,0.099265000,0.096213000,0.075750000
nextflow,scatter_gather,medium,2,1,30.415755000,34.885562000,4.469807000,14.695696,30.379196000,30.222067000,0.000150000,0.031263000,,,32.063016000,31.574298000,0.001173000,0.108155000,,,0.030545000,0.030663000,0.032237000,0.029708000,0.086763000,0.098609000,0.112365000,0.079759000
nextflow,scatter_gather,medium,2,2,30.414197000,34.195525000,3.781328000,12.432773,30.376665000,30.209103000,0.000000000,0.034503000,,,30.734679000,30.283487000,0.002752000,0.101513000,,,0.031078000,0.030446000,0.039045000,0.029640000,0.089156000,0.091127000,0.093935000,0.072477000
nextflow,scatter_gather,medium,2,3,30.424951000,33.507560000,3.082609000,10.131845,30.390343000,30.231791000,0.000304000,0.031151000,,,30.795683000,30.326866000,0.001634000,0.103927000,,,0.028744000,0.031601000,0.034708000,0.029485000,0.092897000,0.095514000,0.098301000,0.075072000
nextflow,scatter_gather,medium,2,4,30.406349000,34.118762000,3.712413000,12.209335,30.373219000,30.210414000,0.000020000,0.033026000,,,31.788945000,31.313348000,0.000000000,0.110060000,,,0.031336000,0.030011000,0.036275000,0.029460000,0.086895000,0.097446000,0.102097000,0.076302000
nextflow,scatter_gather,medium,2,5,30.668351000,34.334120000,3.665769000,11.952938,30.623953000,30.459862000,0.000123000,0.031830000,,,30.951473000,30.468151000,0.000023000,0.113984000,,,0.030186000,0.038531000,0.031633000,0.029263000,0.090169000,0.101511000,0.100517000,0.074115000
nextflow,scatter_gather,medium,4,1,15.445056000,18.574264000,3.129208000,20.260257,15.407772000,15.241127000,0.002193000,0.033002000,,,15.812792000,15.311314000,0.011293000,0.114709000,,,0.030385000,0.034435000,0.033869000,0.030882000,0.089995000,0.103245000,0.112232000,0.072657000
nextflow,scatter_gather,medium,4,2,15.449903000,18.549255000,3.099352000,20.060657,15.413858000,15.243493000,0.000943000,0.035841000,,,15.772943000,15.273680000,0.005185000,0.115857000,,,0.032137000,0.035156000,0.033633000,0.029883000,0.092158000,0.104076000,0.109901000,0.073338000
nextflow,scatter_gather,medium,4,3,15.516225000,19.322682000,3.806457000,24.532108,15.478079000,15.299294000,0.000195000,0.034362000,,,15.703178000,15.205196000,0.015638000,0.104811000,,,0.031985000,0.035456000,0.042061000,0.031505000,0.096077000,0.110276000,0.107657000,0.075605000
nextflow,scatter_gather,medium,4,4,15.810411000,18.624328000,2.813917000,17.797874,15.766155000,15.589506000,0.000196000,0.037487000,,,15.776206000,15.261503000,0.005158000,0.113214000,,,0.035938000,0.035999000,0.034146000,0.030002000,0.086893000,0.117215000,0.117877000,0.076219000
nextflow,scatter_gather,medium,4,5,15.501278000,18.503643000,3.002365000,19.368500,15.465801000,15.295883000,0.001222000,0.032532000,,,15.707813000,15.219212000,0.007395000,0.102464000,,,0.034852000,0.035230000,0.032110000,0.030788000,0.090189000,0.116601000,0.101552000,0.073420000
nextflow,scatter_gather,long,1,1,277.941608000,279.050339000,1.108731000,0.398908,277.903983000,277.728442000,0.000000000,0.030864000,,,276.135219000,275.645704000,0.000000000,0.108064000,,,0.029857000,0.033338000,0.049238000,0.029936000,0.098874000,0.093042000,0.106525000,0.078850000
nextflow,scatter_gather,long,1,2,275.887238000,279.791102000,3.903864000,1.415022,275.847543000,275.664883000,0.000000000,0.032792000,,,276.847818000,276.344193000,0.000000000,0.106635000,,,0.033252000,0.033151000,0.051549000,0.029648000,0.100672000,0.095926000,0.123039000,0.074795000
nextflow,scatter_gather,long,1,3,277.115298000,278.621041000,1.505743000,0.543363,277.076376000,276.897964000,0.000000000,0.032135000,,,275.591457000,275.123320000,0.000000000,0.107086000,,,0.032833000,0.033877000,0.047603000,0.029808000,0.088236000,0.098494000,0.097412000,0.074536000
nextflow,scatter_gather,long,2,1,140.901846000,144.106474000,3.204628000,2.274369,140.862019000,140.688785000,0.000166000,0.034405000,,,141.100025000,140.609894000,0.002561000,0.113586000,,,0.031119000,0.031756000,0.041123000,0.031718000,0.093889000,0.104764000,0.099699000,0.074985000
nextflow,scatter_gather,long,2,2,140.040977000,142.241084000,2.200107000,1.571045,140.004852000,139.840570000,0.000014000,0.034200000,,,139.845850000,139.375492000,0.002846000,0.108989000,,,0.031743000,0.033533000,0.032637000,0.029272000,0.091929000,0.092105000,0.100135000,0.074224000
nextflow,scatter_gather,long,2,3,139.783712000,142.607319000,2.823607000,2.019983,139.744846000,139.585939000,0.000111000,0.030541000,,,139.917748000,139.447547000,0.000705000,0.109120000,,,0.033459000,0.031080000,0.031720000,0.029298000,0.090753000,0.101455000,0.093068000,0.072947000
nextflow,scatter_gather,long,4,1,70.163687000,73.248597000,3.084910000,4.396733,70.125141000,69.961299000,0.002625000,0.031726000,,,70.473558000,69.978680000,0.006159000,0.103494000,,,0.030550000,0.036012000,0.034095000,0.028693000,0.096850000,0.112238000,0.104478000,0.074118000
nextflow,scatter_gather,long,4,2,70.110827000,73.235270000,3.124443000,4.456434,70.073911000,69.913093000,0.000787000,0.030298000,,,70.376412000,69.881320000,0.010608000,0.105963000,,,0.031556000,0.032596000,0.032813000,0.030109000,0.086299000,0.104119000,0.114585000,0.080520000
nextflow,scatter_gather,long,4,3,70.144271000,73.897422000,3.753151000,5.350617,70.106495000,69.943652000,0.002727000,0.030777000,,,70.730551000,70.229582000,0.007190000,0.104118000,,,0.031782000,0.031817000,0.035331000,0.029507000,0.097463000,0.104777000,0.114137000,0.076420000
